{
  "rnn": {
    "MAE": 0.03371410816907883,
    "RMSE": 0.04311228543519974,
    "R2": -4.056479454040527,
    "Dir_Acc": 48.25396825396825,
    "Cum_Return": -20.765413951841893,
    "Sharpe": -0.4592891688539946,
    "MDD": -37.529736153589575,
    "Profit_Factor": 0.9139230435978597
  },
  "lstm": {
    "MAE": 0.013691865839064121,
    "RMSE": 0.020416397601366043,
    "R2": -0.13397741317749023,
    "Dir_Acc": 46.98412698412698,
    "Cum_Return": -31.608900946618235,
    "Sharpe": -0.8440785674943825,
    "MDD": -48.721865162200494,
    "Profit_Factor": 0.8465655678114912
  },
  "stockformer": {
    "MAE": 0.0160404983907938,
    "RMSE": 0.02169686369597912,
    "R2": -0.280678391456604,
    "Dir_Acc": 46.666666666666664,
    "Cum_Return": -12.822247945434373,
    "Sharpe": -0.20689043613602567,
    "MDD": -37.31058086992513,
    "Profit_Factor": 0.9600279929740926
  },
  "time2vec_transformer": {
    "MAE": 0.015732089057564735,
    "RMSE": 0.022235063835978508,
    "R2": -0.3450019359588623,
    "Dir_Acc": 53.65079365079365,
    "Cum_Return": 9.93197014001501,
    "Sharpe": 0.4002235588261852,
    "MDD": -34.71096131834819,
    "Profit_Factor": 1.082122552924485
  }
}