{
  "rnn": {
    "MAE": 0.2308434098958969,
    "RMSE": 0.23579223453998566,
    "R2": -62.14830780029297,
    "Dir_Acc": 52.06349206349207,
    "Cum_Return": 12.32006784561559,
    "Sharpe": 0.4357906940644329,
    "MDD": -40.75496616946376,
    "Profit_Factor": 1.0812702769628408
  },
  "lstm": {
    "MAE": 0.06997271627187729,
    "RMSE": 0.07517800480127335,
    "R2": -5.419250011444092,
    "Dir_Acc": 47.93650793650794,
    "Cum_Return": -32.77192951582233,
    "Sharpe": -0.4392945568612561,
    "MDD": -56.75606484300315,
    "Profit_Factor": 0.9242523646873644
  },
  "stockformer": {
    "MAE": 0.02189710922539234,
    "RMSE": 0.03057253360748291,
    "R2": -0.06161141395568848,
    "Dir_Acc": 50.15873015873016,
    "Cum_Return": -30.520051469845257,
    "Sharpe": -0.38182960014874945,
    "MDD": -59.76855940416961,
    "Profit_Factor": 0.9338346680296543
  },
  "time2vec_transformer": {
    "MAE": 0.02106310985982418,
    "RMSE": 0.029990753158926964,
    "R2": -0.021591901779174805,
    "Dir_Acc": 49.2063492063492,
    "Cum_Return": -26.489760234503766,
    "Sharpe": -0.28742098700656904,
    "MDD": -58.43046676523286,
    "Profit_Factor": 0.9497828961133403
  }
}