{
  "rnn": {
    "MAE": 0.3017157316207886,
    "RMSE": 0.3255830407142639,
    "R2": -818.7319946289062,
    "Dir_Acc": 55.87301587301587,
    "Cum_Return": 7.761065505308906,
    "Sharpe": 0.4207210322318377,
    "MDD": -20.12627178588054,
    "Profit_Factor": 1.0894010891008297
  },
  "lstm": {
    "MAE": 0.026500940322875977,
    "RMSE": 0.02925732731819153,
    "R2": -5.619384765625,
    "Dir_Acc": 43.17460317460318,
    "Cum_Return": -17.032860818899742,
    "Sharpe": -0.7363969772293558,
    "MDD": -30.13352397430352,
    "Profit_Factor": 0.8605567252381943
  },
  "stockformer": {
    "MAE": 0.008409990929067135,
    "RMSE": 0.012586960569024086,
    "R2": -0.2251523733139038,
    "Dir_Acc": 45.3968253968254,
    "Cum_Return": -42.475390581820996,
    "Sharpe": -2.3410252983334434,
    "MDD": -44.97874175123162,
    "Profit_Factor": 0.6195479116898587
  },
  "time2vec_transformer": {
    "MAE": 0.009517410770058632,
    "RMSE": 0.01331813633441925,
    "R2": -0.3716244697570801,
    "Dir_Acc": 45.714285714285715,
    "Cum_Return": -17.854075573152826,
    "Sharpe": -0.7831244777226691,
    "MDD": -28.333644152744895,
    "Profit_Factor": 0.8526530371881025
  }
}