{
  "Transformer": {
    "MAE": 5.394759654998779,
    "RMSE": 5.437762260437012,
    "R2": -27696.994140625,
    "Dir_Acc": 55.333333333333336,
    "Cum_Return": 49.705758927398456,
    "Sharpe": 1.5687729642730563,
    "MDD": -27.015638063717923,
    "Profit_Factor": 1.282157306387467
  },
  "+Time2Vec": {
    "MAE": 4.876838684082031,
    "RMSE": 4.9435715675354,
    "R2": -22891.3046875,
    "Dir_Acc": 55.333333333333336,
    "Cum_Return": 49.705758927398456,
    "Sharpe": 1.5687729642730563,
    "MDD": -27.015638063717923,
    "Profit_Factor": 1.282157306387467
  },
  "+Gating": {
    "MAE": 4.701979160308838,
    "RMSE": 4.714556694030762,
    "R2": -20819.42578125,
    "Dir_Acc": 54.0,
    "Cum_Return": 37.34252948753194,
    "Sharpe": 1.2869928539634465,
    "MDD": -20.071612797080043,
    "Profit_Factor": 1.226288183452506
  }
}