{
  "rnn": {
    "MAE": 0.23856458067893982,
    "RMSE": 0.24311497807502747,
    "R2": -66.13146209716797,
    "Dir_Acc": 52.06349206349207,
    "Cum_Return": 12.32006784561559,
    "Sharpe": 0.4357906940644329,
    "MDD": -40.75496616946376,
    "Profit_Factor": 1.0812702769628408
  },
  "lstm": {
    "MAE": 0.08408409357070923,
    "RMSE": 0.09093528985977173,
    "R2": -8.392207145690918,
    "Dir_Acc": 52.06349206349207,
    "Cum_Return": 12.32006784561559,
    "Sharpe": 0.4357906940644329,
    "MDD": -40.75496616946376,
    "Profit_Factor": 1.0812702769628408
  },
  "stockformer": {
    "MAE": 0.03326677158474922,
    "RMSE": 0.04071434959769249,
    "R2": -0.8827718496322632,
    "Dir_Acc": 47.93650793650794,
    "Cum_Return": -32.77192951582233,
    "Sharpe": -0.4392945568612561,
    "MDD": -56.75606484300315,
    "Profit_Factor": 0.9242523646873644
  },
  "time2vec_transformer": {
    "MAE": 0.04823903739452362,
    "RMSE": 0.05553595721721649,
    "R2": -2.503089666366577,
    "Dir_Acc": 52.06349206349207,
    "Cum_Return": 12.32006784561559,
    "Sharpe": 0.4357906940644329,
    "MDD": -40.75496616946376,
    "Profit_Factor": 1.0812702769628408
  }
}