{
  "rnn": {
    "MAE": 0.7838831543922424,
    "RMSE": 0.8004806041717529,
    "R2": -726.787109375,
    "Dir_Acc": 52.06349206349207,
    "Cum_Return": 12.32006784561559,
    "Sharpe": 0.4357906940644329,
    "MDD": -40.75496616946376,
    "Profit_Factor": 1.0812702769628408
  },
  "lstm": {
    "MAE": 0.23620116710662842,
    "RMSE": 0.23901189863681793,
    "R2": -63.884620666503906,
    "Dir_Acc": 47.93650793650794,
    "Cum_Return": -32.77192951582233,
    "Sharpe": -0.4392945568612561,
    "MDD": -56.75606484300315,
    "Profit_Factor": 0.9242523646873644
  },
  "stockformer": {
    "MAE": 2.580444812774658,
    "RMSE": 2.6010751724243164,
    "R2": -7683.375,
    "Dir_Acc": 47.93650793650794,
    "Cum_Return": -32.77192951582233,
    "Sharpe": -0.4392945568612561,
    "MDD": -56.75606484300315,
    "Profit_Factor": 0.9242523646873644
  },
  "time2vec_transformer": {
    "MAE": 1.2586874961853027,
    "RMSE": 1.4430502653121948,
    "R2": -2364.18798828125,
    "Dir_Acc": 49.523809523809526,
    "Cum_Return": -39.66240345306712,
    "Sharpe": -0.6141985321575315,
    "MDD": -61.1629646054505,
    "Profit_Factor": 0.8958212022481364
  }
}