{
  "rnn": {
    "MAE": 0.287333607673645,
    "RMSE": 0.31544598937034607,
    "R2": -376.32672119140625,
    "Dir_Acc": 51.746031746031754,
    "Cum_Return": -14.11711595134556,
    "Sharpe": -0.34215005396132697,
    "MDD": -28.22454039550638,
    "Profit_Factor": 0.9361928193406954
  },
  "lstm": {
    "MAE": 0.012357004918158054,
    "RMSE": 0.017316732555627823,
    "R2": -0.1371021270751953,
    "Dir_Acc": 47.3015873015873,
    "Cum_Return": 5.596248847885055,
    "Sharpe": 0.2963353797057581,
    "MDD": -34.63907336707763,
    "Profit_Factor": 1.058778411057978
  },
  "stockformer": {
    "MAE": 0.015432302840054035,
    "RMSE": 0.02074480429291725,
    "R2": -0.631872296333313,
    "Dir_Acc": 52.38095238095239,
    "Cum_Return": -9.799589103126605,
    "Sharpe": -0.19042051808183993,
    "MDD": -28.2245403955064,
    "Profit_Factor": 0.9639165624044385
  },
  "time2vec_transformer": {
    "MAE": 0.025696206837892532,
    "RMSE": 0.029833853244781494,
    "R2": -2.375096559524536,
    "Dir_Acc": 52.38095238095239,
    "Cum_Return": -9.799589103126605,
    "Sharpe": -0.19042051808183993,
    "MDD": -28.2245403955064,
    "Profit_Factor": 0.9639165624044385
  }
}