{
  "rnn": {
    "MAE": 0.04021238908171654,
    "RMSE": 0.05124172568321228,
    "R2": -0.8099091053009033,
    "Dir_Acc": 45.07936507936508,
    "Cum_Return": -83.97563312920191,
    "Sharpe": -2.1275637380171717,
    "MDD": -87.16411383242217,
    "Profit_Factor": 0.696903121644686
  },
  "lstm": {
    "MAE": 0.02868432179093361,
    "RMSE": 0.03828499838709831,
    "R2": -0.010337591171264648,
    "Dir_Acc": 52.6984126984127,
    "Cum_Return": 48.888690611191144,
    "Sharpe": 0.8252802018204339,
    "MDD": -35.568160589959966,
    "Profit_Factor": 1.1506599099993913
  },
  "stockformer": {
    "MAE": 0.028799371793866158,
    "RMSE": 0.03862743452191353,
    "R2": -0.028492212295532227,
    "Dir_Acc": 49.523809523809526,
    "Cum_Return": -58.84401743627885,
    "Sharpe": -0.8673377295468009,
    "MDD": -66.29612267387574,
    "Profit_Factor": 0.8631273622168195
  },
  "time2vec_transformer": {
    "MAE": 0.04356834292411804,
    "RMSE": 0.053344253450632095,
    "R2": -0.9614832401275635,
    "Dir_Acc": 49.2063492063492,
    "Cum_Return": -40.0415743051235,
    "Sharpe": -0.3720526129019677,
    "MDD": -61.11226984795789,
    "Profit_Factor": 0.9387254290342131
  }
}