{
  "rnn": {
    "MAE": 0.3465372323989868,
    "RMSE": 0.36905115842819214,
    "R2": -696.5310668945312,
    "Dir_Acc": 55.87301587301587,
    "Cum_Return": 5.059607435835911,
    "Sharpe": 0.288129935147709,
    "MDD": -24.018691095862312,
    "Profit_Factor": 1.05653707079541
  },
  "lstm": {
    "MAE": 0.011458069086074829,
    "RMSE": 0.016273096203804016,
    "R2": -0.35622191429138184,
    "Dir_Acc": 55.23809523809524,
    "Cum_Return": 1.3541811472873144,
    "Sharpe": 0.15877154373441207,
    "MDD": -25.437434803091918,
    "Profit_Factor": 1.0306433690932324
  },
  "stockformer": {
    "MAE": 0.014099638909101486,
    "RMSE": 0.018577605485916138,
    "R2": -0.7675424814224243,
    "Dir_Acc": 56.82539682539682,
    "Cum_Return": 16.732845249901818,
    "Sharpe": 0.668143945987355,
    "MDD": -23.384186002838973,
    "Profit_Factor": 1.1360859901120905
  },
  "time2vec_transformer": {
    "MAE": 0.009171807207167149,
    "RMSE": 0.014027006924152374,
    "R2": -0.007674813270568848,
    "Dir_Acc": 55.55555555555556,
    "Cum_Return": 8.119041283982288,
    "Sharpe": 0.3918830021457653,
    "MDD": -23.384186002838973,
    "Profit_Factor": 1.0775232893851536
  }
}